{
  "experimental_test_ping": 1772984822.1150346,
  "experimental_network_scan": 1772994997.3335314,
  "AI_gen_network_scan": 1772997171.6278489,
  "AI_gen_valid_test_tool": 1773003756.1114423
}